timestamp	path_msa	n_seqs	n_cols	n_max_blocks	t_max_blocks
Fri Oct 28 15:53:29 2022	/home/disco/Data/pandora-msas/msas/Cluster_14636.fa	2	30	2	0.18221759796142578	
Fri Oct 28 15:53:29 2022	/home/disco/Data/pandora-msas/msas/Cluster_14629.fa	3	30	7	0.18395709991455078	
Fri Oct 28 15:53:29 2022	/home/disco/Data/pandora-msas/msas/Cluster_14641.fa	5	30	9	0.25450801849365234	
Fri Oct 28 15:53:30 2022	/home/disco/Data/pandora-msas/msas/Cluster_14653.fa	5	30	2	0.1523728370666504	
Fri Oct 28 15:53:30 2022	/home/disco/Data/pandora-msas/msas/Cluster_14631.fa	10	30	2	0.12871217727661133	
Fri Oct 28 15:53:30 2022	/home/disco/Data/pandora-msas/msas/Cluster_14630.fa	10	30	1	0.14636445045471191	
Fri Oct 28 15:53:30 2022	/home/disco/Data/pandora-msas/msas/Cluster_14654.fa	12	30	1	0.14090204238891602	
Fri Oct 28 15:53:30 2022	/home/disco/Data/pandora-msas/msas/Cluster_14625.fa	18	30	4	0.18574190139770508	
Fri Oct 28 15:53:30 2022	/home/disco/Data/pandora-msas/msas/Cluster_14635.fa	19	30	2	0.14619970321655273	
Fri Oct 28 15:53:31 2022	/home/disco/Data/pandora-msas/msas/Cluster_14599.fa	58	30	4	0.2937605381011963	
Fri Oct 28 15:53:31 2022	/home/disco/Data/pandora-msas/msas/Cluster_14607.fa	80	30	5	0.22592616081237793	
Fri Oct 28 15:53:31 2022	/home/disco/Data/pandora-msas/msas/Cluster_14618.fa	96	30	13	0.42154645919799805	
Fri Oct 28 15:53:32 2022	/home/disco/Data/pandora-msas/msas/Cluster_14610.fa	104	30	7	0.21265316009521484	
Fri Oct 28 15:53:32 2022	/home/disco/Data/pandora-msas/msas/Cluster_14601.fa	117	30	5	0.20813941955566406	
Fri Oct 28 15:53:32 2022	/home/disco/Data/pandora-msas/msas/Cluster_14602.fa	142	30	4	0.2442641258239746	
Fri Oct 28 15:53:32 2022	/home/disco/Data/pandora-msas/msas/Cluster_14608.fa	146	30	2	0.144639253616333	
Fri Oct 28 15:53:32 2022	/home/disco/Data/pandora-msas/msas/Cluster_14609.fa	146	30	12	0.30133056640625	
Fri Oct 28 15:53:33 2022	/home/disco/Data/pandora-msas/msas/Cluster_14606.fa	152	30	15	0.30719900131225586	
Fri Oct 28 15:53:33 2022	/home/disco/Data/pandora-msas/msas/Cluster_14612.fa	156	30	2	0.12949442863464355	
Fri Oct 28 15:53:33 2022	/home/disco/Data/pandora-msas/msas/Cluster_14604.fa	158	30	8	0.33713793754577637	
Fri Oct 28 15:53:33 2022	/home/disco/Data/pandora-msas/msas/Cluster_14548.fa	6	31	5	0.19447112083435059	
Fri Oct 28 15:53:34 2022	/home/disco/Data/pandora-msas/msas/Cluster_14539.fa	7	31	2	0.13528227806091309	
Fri Oct 28 15:53:34 2022	/home/disco/Data/pandora-msas/msas/Cluster_14531.fa	9	31	2	0.13570928573608398	
Fri Oct 28 15:53:34 2022	/home/disco/Data/pandora-msas/msas/Cluster_14564.fa	9	31	2	0.16060137748718262	
Fri Oct 28 15:53:34 2022	/home/disco/Data/pandora-msas/msas/Cluster_14555.fa	9	31	2	0.16375136375427246	
Fri Oct 28 15:53:34 2022	/home/disco/Data/pandora-msas/msas/Cluster_14540.fa	11	31	5	0.19231843948364258	
Fri Oct 28 15:53:35 2022	/home/disco/Data/pandora-msas/msas/Cluster_14552.fa	23	31	14	0.418377161026001	
Fri Oct 28 15:53:35 2022	/home/disco/Data/pandora-msas/msas/Cluster_14536.fa	25	31	2	0.15135669708251953	
Fri Oct 28 15:53:35 2022	/home/disco/Data/pandora-msas/msas/Cluster_14541.fa	29	31	5	0.20180916786193848	
Fri Oct 28 15:53:35 2022	/home/disco/Data/pandora-msas/msas/Cluster_14532.fa	34	31	2	0.15257048606872559	
Fri Oct 28 15:58:19 2022	/home/disco/Data/pandora-msas/msas/Cluster_14538.fa	36	31	12	0.37841200828552246	
Fri Oct 28 15:58:19 2022	/home/disco/Data/pandora-msas/msas/Cluster_14535.fa	45	31	8	0.19090962409973145	
Fri Oct 28 15:58:19 2022	/home/disco/Data/pandora-msas/msas/Cluster_14575.fa	46	31	5	0.20734167098999023	
Fri Oct 28 15:58:19 2022	/home/disco/Data/pandora-msas/msas/Cluster_14534.fa	50	31	4	0.207075834274292	
Fri Oct 28 15:58:19 2022	/home/disco/Data/pandora-msas/msas/Cluster_14574.fa	76	31	9	0.2717561721801758	
Fri Oct 28 15:58:20 2022	/home/disco/Data/pandora-msas/msas/Cluster_14537.fa	83	31	13	0.250795841217041	
Fri Oct 28 15:58:20 2022	/home/disco/Data/pandora-msas/msas/Cluster_14522.fa	125	31	2	0.12657690048217773	
Fri Oct 28 15:58:20 2022	/home/disco/Data/pandora-msas/msas/Cluster_14519.fa	144	31	13	0.33159875869750977	
Fri Oct 28 15:58:20 2022	/home/disco/Data/pandora-msas/msas/Cluster_14521.fa	155	31	10	0.35031676292419434	
Fri Oct 28 15:58:21 2022	/home/disco/Data/pandora-msas/msas/Cluster_14523.fa	156	31	2	0.13172411918640137	
Fri Oct 28 15:58:21 2022	/home/disco/Data/pandora-msas/msas/Cluster_14561.fa	157	31	3	0.13455867767333984	
Fri Oct 28 15:58:21 2022	/home/disco/Data/pandora-msas/msas/Cluster_14525.fa	157	31	2	0.15206265449523926	
Fri Oct 28 15:58:21 2022	/home/disco/Data/pandora-msas/msas/Cluster_14520.fa	157	31	1	0.1962435245513916	
Fri Oct 28 15:58:21 2022	/home/disco/Data/pandora-msas/msas/Cluster_14542.fa	157	31	11	0.25418925285339355	
Fri Oct 28 15:58:22 2022	/home/disco/Data/pandora-msas/msas/Cluster_14528.fa	157	31	5	0.19437360763549805	
Fri Oct 28 15:58:22 2022	/home/disco/Data/pandora-msas/msas/Cluster_14524.fa	159	31	4	0.21026992797851562	
Fri Oct 28 15:58:22 2022	/home/disco/Data/pandora-msas/msas/Cluster_14467.fa	3	32	1	0.1543443202972412	
Fri Oct 28 15:58:22 2022	/home/disco/Data/pandora-msas/msas/Cluster_14463.fa	4	32	2	0.12856149673461914	
Fri Oct 28 15:58:22 2022	/home/disco/Data/pandora-msas/msas/Cluster_14447.fa	4	32	4	0.21701574325561523	
Fri Oct 28 15:58:22 2022	/home/disco/Data/pandora-msas/msas/Cluster_14470.fa	6	32	2	0.13905858993530273	
Fri Oct 28 15:58:23 2022	/home/disco/Data/pandora-msas/msas/Cluster_14484.fa	7	32	4	0.12563657760620117	
Fri Oct 28 15:58:23 2022	/home/disco/Data/pandora-msas/msas/Cluster_14456.fa	10	32	2	0.13578248023986816	
Fri Oct 28 15:58:23 2022	/home/disco/Data/pandora-msas/msas/Cluster_14452.fa	11	32	1	0.14862322807312012	
Fri Oct 28 15:58:23 2022	/home/disco/Data/pandora-msas/msas/Cluster_14458.fa	18	32	2	0.1366579532623291	
Fri Oct 28 15:58:23 2022	/home/disco/Data/pandora-msas/msas/Cluster_14460.fa	21	32	2	0.13971257209777832	
Fri Oct 28 15:58:23 2022	/home/disco/Data/pandora-msas/msas/Cluster_14450.fa	44	32	2	0.13453936576843262	
Fri Oct 28 15:58:23 2022	/home/disco/Data/pandora-msas/msas/Cluster_14445.fa	54	32	2	0.14261937141418457	
Fri Oct 28 15:58:23 2022	/home/disco/Data/pandora-msas/msas/Cluster_14449.fa	60	32	2	0.13514995574951172	
Fri Oct 28 15:58:24 2022	/home/disco/Data/pandora-msas/msas/Cluster_14440.fa	69	32	2	0.15173006057739258	
Fri Oct 28 15:58:24 2022	/home/disco/Data/pandora-msas/msas/Cluster_14448.fa	78	32	23	0.5651354789733887	
Fri Oct 28 15:58:24 2022	/home/disco/Data/pandora-msas/msas/Cluster_14443.fa	105	32	9	0.28745007514953613	
Fri Oct 28 15:58:25 2022	/home/disco/Data/pandora-msas/msas/Cluster_14442.fa	147	32	2	0.13304710388183594	
Fri Oct 28 15:58:25 2022	/home/disco/Data/pandora-msas/msas/Cluster_14446.fa	157	32	8	0.2938060760498047	
Fri Oct 28 15:58:25 2022	/home/disco/Data/pandora-msas/msas/Cluster_14403.fa	4	33	6	0.21325135231018066	
Fri Oct 28 15:58:25 2022	/home/disco/Data/pandora-msas/msas/Cluster_14390.fa	12	33	2	0.14857697486877441	
Fri Oct 28 15:58:25 2022	/home/disco/Data/pandora-msas/msas/Cluster_14381.fa	18	33	1	0.1471385955810547	
Fri Oct 28 15:58:26 2022	/home/disco/Data/pandora-msas/msas/Cluster_14379.fa	25	33	2	0.14390778541564941	
Fri Oct 28 15:58:26 2022	/home/disco/Data/pandora-msas/msas/Cluster_14374.fa	26	33	2	0.1538228988647461	
Fri Oct 28 15:58:26 2022	/home/disco/Data/pandora-msas/msas/Cluster_14380.fa	26	33	5	0.2789430618286133	
Fri Oct 28 15:58:26 2022	/home/disco/Data/pandora-msas/msas/Cluster_14378.fa	39	33	5	0.22023987770080566	
Fri Oct 28 15:58:27 2022	/home/disco/Data/pandora-msas/msas/Cluster_14372.fa	69	33	9	0.2974209785461426	
Fri Oct 28 15:58:27 2022	/home/disco/Data/pandora-msas/msas/Cluster_14373.fa	74	33	2	0.14741277694702148	
Fri Oct 28 15:58:27 2022	/home/disco/Data/pandora-msas/msas/Cluster_14366.fa	80	33	2	0.14126873016357422	
Fri Oct 28 15:58:27 2022	/home/disco/Data/pandora-msas/msas/Cluster_14371.fa	109	33	5	0.21624231338500977	
Fri Oct 28 15:58:27 2022	/home/disco/Data/pandora-msas/msas/Cluster_14364.fa	148	33	2	0.23616361618041992	
Fri Oct 28 15:58:28 2022	/home/disco/Data/pandora-msas/msas/Cluster_14362.fa	149	33	5	0.23168301582336426	
Fri Oct 28 15:58:28 2022	/home/disco/Data/pandora-msas/msas/Cluster_14367.fa	156	33	5	0.21420621871948242	
Fri Oct 28 15:58:28 2022	/home/disco/Data/pandora-msas/msas/Cluster_14368.fa	157	33	2	0.14142251014709473	
Fri Oct 28 15:58:28 2022	/home/disco/Data/pandora-msas/msas/Cluster_14365.fa	157	33	8	0.29415178298950195	
Fri Oct 28 15:58:28 2022	/home/disco/Data/pandora-msas/msas/Cluster_14361.fa	157	33	2	0.16303801536560059	
Fri Oct 28 15:58:29 2022	/home/disco/Data/pandora-msas/msas/Cluster_14385.fa	157	33	4	0.24809956550598145	
Fri Oct 28 15:58:29 2022	/home/disco/Data/pandora-msas/msas/Cluster_14327.fa	3	34	2	0.14733147621154785	
Fri Oct 28 15:58:29 2022	/home/disco/Data/pandora-msas/msas/Cluster_14318.fa	5	34	2	0.2129204273223877	
Fri Oct 28 15:58:29 2022	/home/disco/Data/pandora-msas/msas/Cluster_14324.fa	7	34	3	0.14204907417297363	
Fri Oct 28 15:58:29 2022	/home/disco/Data/pandora-msas/msas/Cluster_14319.fa	9	34	2	0.14738011360168457	
Fri Oct 28 15:58:29 2022	/home/disco/Data/pandora-msas/msas/Cluster_14342.fa	9	34	6	0.25862669944763184	
Fri Oct 28 15:58:30 2022	/home/disco/Data/pandora-msas/msas/Cluster_14323.fa	10	34	2	0.18739795684814453	
Fri Oct 28 15:58:30 2022	/home/disco/Data/pandora-msas/msas/Cluster_14310.fa	10	34	2	0.14923429489135742	
Fri Oct 28 15:58:30 2022	/home/disco/Data/pandora-msas/msas/Cluster_14291.fa	23	34	2	0.15592432022094727	
Fri Oct 28 15:58:30 2022	/home/disco/Data/pandora-msas/msas/Cluster_14308.fa	40	34	22	0.5290184020996094	
Fri Oct 28 15:58:31 2022	/home/disco/Data/pandora-msas/msas/Cluster_14304.fa	41	34	2	0.17696142196655273	
Fri Oct 28 15:58:31 2022	/home/disco/Data/pandora-msas/msas/Cluster_14302.fa	42	34	5	0.23674654960632324	
Fri Oct 28 15:58:31 2022	/home/disco/Data/pandora-msas/msas/Cluster_14297.fa	43	34	7	0.22202038764953613	
Fri Oct 28 15:58:31 2022	/home/disco/Data/pandora-msas/msas/Cluster_14299.fa	46	34	4	0.243208646774292	
Fri Oct 28 15:58:32 2022	/home/disco/Data/pandora-msas/msas/Cluster_14293.fa	50	34	5	0.2416677474975586	
Fri Oct 28 15:58:32 2022	/home/disco/Data/pandora-msas/msas/Cluster_14298.fa	55	34	2	0.18313002586364746	
Fri Oct 28 15:58:32 2022	/home/disco/Data/pandora-msas/msas/Cluster_14294.fa	56	34	7	0.2297074794769287	
Fri Oct 28 15:58:32 2022	/home/disco/Data/pandora-msas/msas/Cluster_14301.fa	59	34	2	0.1548759937286377	
Fri Oct 28 15:58:32 2022	/home/disco/Data/pandora-msas/msas/Cluster_14325.fa	68	34	5	0.2294907569885254	
Fri Oct 28 15:58:33 2022	/home/disco/Data/pandora-msas/msas/Cluster_14296.fa	86	34	8	0.34551310539245605	
Fri Oct 28 16:01:33 2022	/home/disco/Data/pandora-msas/msas/Cluster_13923.fa	134	38	17	0.8203916549682617	
Fri Oct 28 16:01:33 2022	/home/disco/Data/pandora-msas/msas/Cluster_13932.fa	142	38	5	0.30262207984924316	
Fri Oct 28 16:01:33 2022	/home/disco/Data/pandora-msas/msas/Cluster_13927.fa	154	38	5	0.2827334403991699	
Fri Oct 28 16:01:34 2022	/home/disco/Data/pandora-msas/msas/Cluster_13931.fa	155	38	5	0.3179442882537842	
Fri Oct 28 16:01:34 2022	/home/disco/Data/pandora-msas/msas/Cluster_13925.fa	156	38	11	0.5088751316070557	
Fri Oct 28 16:01:35 2022	/home/disco/Data/pandora-msas/msas/Cluster_13963.fa	156	38	9	0.5083427429199219	
Fri Oct 28 16:01:35 2022	/home/disco/Data/pandora-msas/msas/Cluster_13928.fa	157	38	4	0.32059168815612793	
Fri Oct 28 16:01:35 2022	/home/disco/Data/pandora-msas/msas/Cluster_13935.fa	157	38	2	0.2028343677520752	
Fri Oct 28 16:01:37 2022	/home/disco/Data/pandora-msas/msas/Cluster_13936.fa	157	38	34	1.4354069232940674	
Fri Oct 28 16:01:37 2022	/home/disco/Data/pandora-msas/msas/Cluster_13933.fa	157	38	13	0.5553503036499023	
Fri Oct 28 16:01:37 2022	/home/disco/Data/pandora-msas/msas/Cluster_13892.fa	3	39	3	0.22373414039611816	
Fri Oct 28 16:01:38 2022	/home/disco/Data/pandora-msas/msas/Cluster_13872.fa	3	39	2	0.22327399253845215	
Fri Oct 28 16:01:38 2022	/home/disco/Data/pandora-msas/msas/Cluster_13884.fa	7	39	2	0.24707627296447754	
Fri Oct 28 16:01:38 2022	/home/disco/Data/pandora-msas/msas/Cluster_13856.fa	10	39	4	0.20156168937683105	
Fri Oct 28 16:01:38 2022	/home/disco/Data/pandora-msas/msas/Cluster_13882.fa	12	39	4	0.19991707801818848	
Fri Oct 28 16:01:39 2022	/home/disco/Data/pandora-msas/msas/Cluster_13919.fa	26	39	4	0.375913143157959	
Fri Oct 28 16:01:39 2022	/home/disco/Data/pandora-msas/msas/Cluster_13863.fa	27	39	4	0.36196303367614746	
Fri Oct 28 16:01:39 2022	/home/disco/Data/pandora-msas/msas/Cluster_13852.fa	29	39	9	0.43857240676879883	
Fri Oct 28 16:01:40 2022	/home/disco/Data/pandora-msas/msas/Cluster_13850.fa	32	39	2	0.2437903881072998	
Fri Oct 28 16:01:40 2022	/home/disco/Data/pandora-msas/msas/Cluster_13846.fa	39	39	2	0.20276784896850586	
Fri Oct 28 16:01:40 2022	/home/disco/Data/pandora-msas/msas/Cluster_13838.fa	56	39	5	0.3426399230957031	
Fri Oct 28 16:01:41 2022	/home/disco/Data/pandora-msas/msas/Cluster_13945.fa	68	39	19	0.6137688159942627	
Fri Oct 28 16:01:41 2022	/home/disco/Data/pandora-msas/msas/Cluster_13834.fa	99	39	6	0.3377678394317627	
Fri Oct 28 16:01:41 2022	/home/disco/Data/pandora-msas/msas/Cluster_13840.fa	101	39	4	0.32596850395202637	
Fri Oct 28 16:01:42 2022	/home/disco/Data/pandora-msas/msas/Cluster_13831.fa	105	39	8	0.42624831199645996	
Fri Oct 28 16:01:43 2022	/home/disco/Data/pandora-msas/msas/Cluster_13907.fa	131	39	25	1.0072486400604248	
Fri Oct 28 16:01:43 2022	/home/disco/Data/pandora-msas/msas/Cluster_13828.fa	138	39	5	0.3586306571960449	
Fri Oct 28 16:01:44 2022	/home/disco/Data/pandora-msas/msas/Cluster_13839.fa	138	39	10	0.5177414417266846	
Fri Oct 28 16:01:45 2022	/home/disco/Data/pandora-msas/msas/Cluster_13841.fa	142	39	30	0.8659474849700928	
Fri Oct 28 16:01:45 2022	/home/disco/Data/pandora-msas/msas/Cluster_13823.fa	149	39	7	0.4231994152069092	
Fri Oct 28 16:01:46 2022	/home/disco/Data/pandora-msas/msas/Cluster_13833.fa	153	39	18	0.7405805587768555	
Fri Oct 28 16:01:46 2022	/home/disco/Data/pandora-msas/msas/Cluster_13849.fa	153	39	4	0.3227536678314209	
Fri Oct 28 16:01:47 2022	/home/disco/Data/pandora-msas/msas/Cluster_13826.fa	156	39	31	0.8705358505249023	
Fri Oct 28 16:01:48 2022	/home/disco/Data/pandora-msas/msas/Cluster_13827.fa	157	39	10	0.6130819320678711	
Fri Oct 28 16:01:48 2022	/home/disco/Data/pandora-msas/msas/Cluster_13836.fa	157	39	13	0.6840078830718994	
Fri Oct 28 16:01:49 2022	/home/disco/Data/pandora-msas/msas/Cluster_13835.fa	157	39	10	0.5547645092010498	
Fri Oct 28 16:01:49 2022	/home/disco/Data/pandora-msas/msas/Cluster_13837.fa	157	39	13	0.5326764583587646	
Fri Oct 28 16:01:50 2022	/home/disco/Data/pandora-msas/msas/Cluster_13825.fa	157	39	25	0.8985593318939209	
Fri Oct 28 16:01:51 2022	/home/disco/Data/pandora-msas/msas/Cluster_13830.fa	157	39	5	0.3461616039276123	
Fri Oct 28 16:01:51 2022	/home/disco/Data/pandora-msas/msas/Cluster_13842.fa	157	39	2	0.217559814453125	
Fri Oct 28 16:01:51 2022	/home/disco/Data/pandora-msas/msas/Cluster_13829.fa	157	39	13	0.5733122825622559	
Fri Oct 28 16:01:52 2022	/home/disco/Data/pandora-msas/msas/Cluster_13772.fa	2	40	3	0.2311573028564453	
Fri Oct 28 16:01:52 2022	/home/disco/Data/pandora-msas/msas/Cluster_13774.fa	3	40	2	0.2169055938720703	
Fri Oct 28 16:01:52 2022	/home/disco/Data/pandora-msas/msas/Cluster_13801.fa	4	40	4	0.21796488761901855	
Fri Oct 28 16:01:52 2022	/home/disco/Data/pandora-msas/msas/Cluster_13757.fa	11	40	2	0.22179698944091797	
Fri Oct 28 16:01:53 2022	/home/disco/Data/pandora-msas/msas/Cluster_13748.fa	14	40	2	0.22987937927246094	
Fri Oct 28 16:01:53 2022	/home/disco/Data/pandora-msas/msas/Cluster_13762.fa	20	40	5	0.39736032485961914	
Fri Oct 28 16:01:53 2022	/home/disco/Data/pandora-msas/msas/Cluster_13763.fa	20	40	2	0.21439623832702637	
Fri Oct 28 16:01:53 2022	/home/disco/Data/pandora-msas/msas/Cluster_13758.fa	26	40	5	0.3333466053009033	
Fri Oct 28 16:01:54 2022	/home/disco/Data/pandora-msas/msas/Cluster_13754.fa	26	40	6	0.347698450088501	
Fri Oct 28 16:02:46 2022	/home/disco/Data/pandora-msas/msas/Cluster_11809.fa	125	64	4	0.9484758377075195	
Fri Oct 28 16:02:52 2022	/home/disco/Data/pandora-msas/msas/Cluster_11813.fa	140	64	84	5.923697233200073	
Fri Oct 28 16:02:54 2022	/home/disco/Data/pandora-msas/msas/Cluster_11806.fa	155	64	9	1.2433290481567383	
Fri Oct 28 16:02:55 2022	/home/disco/Data/pandora-msas/msas/Cluster_11857.fa	156	64	19	1.8241004943847656	
Fri Oct 28 16:02:57 2022	/home/disco/Data/pandora-msas/msas/Cluster_11810.fa	156	64	19	1.7359111309051514	
Fri Oct 28 16:02:58 2022	/home/disco/Data/pandora-msas/msas/Cluster_11811.fa	157	64	5	0.9969778060913086	
Fri Oct 28 16:02:59 2022	/home/disco/Data/pandora-msas/msas/Cluster_11805.fa	157	64	9	1.1866486072540283	
Fri Oct 28 16:03:02 2022	/home/disco/Data/pandora-msas/msas/Cluster_11824.fa	157	64	34	2.602229118347168	
Fri Oct 28 16:03:03 2022	/home/disco/Data/pandora-msas/msas/Cluster_11812.fa	157	64	4	1.1703810691833496	
Fri Oct 28 16:03:04 2022	/home/disco/Data/pandora-msas/msas/Cluster_11775.fa	3	65	10	0.9152467250823975	
Fri Oct 28 16:03:05 2022	/home/disco/Data/pandora-msas/msas/Cluster_11772.fa	3	65	3	0.49977874755859375	
Fri Oct 28 16:03:05 2022	/home/disco/Data/pandora-msas/msas/Cluster_11785.fa	3	65	1	0.6235122680664062	
Fri Oct 28 16:03:06 2022	/home/disco/Data/pandora-msas/msas/Cluster_11780.fa	3	65	4	0.5461194515228271	
Fri Oct 28 16:03:06 2022	/home/disco/Data/pandora-msas/msas/Cluster_11781.fa	4	65	3	0.6341776847839355	
Fri Oct 28 16:03:07 2022	/home/disco/Data/pandora-msas/msas/Cluster_11802.fa	8	65	1	0.6948549747467041	
Fri Oct 28 16:03:08 2022	/home/disco/Data/pandora-msas/msas/Cluster_11754.fa	9	65	1	0.6827487945556641	
Fri Oct 28 16:03:08 2022	/home/disco/Data/pandora-msas/msas/Cluster_11796.fa	12	65	3	0.5027222633361816	
Fri Oct 28 16:03:09 2022	/home/disco/Data/pandora-msas/msas/Cluster_11753.fa	15	65	6	0.9722950458526611	
Fri Oct 28 16:03:10 2022	/home/disco/Data/pandora-msas/msas/Cluster_11752.fa	19	65	4	1.053443431854248	
Fri Oct 28 16:03:12 2022	/home/disco/Data/pandora-msas/msas/Cluster_11751.fa	66	65	10	1.773594617843628	
Fri Oct 28 16:03:16 2022	/home/disco/Data/pandora-msas/msas/Cluster_11746.fa	114	65	61	4.440385818481445	
Fri Oct 28 16:03:18 2022	/home/disco/Data/pandora-msas/msas/Cluster_11748.fa	129	65	9	1.3216924667358398	
Fri Oct 28 16:03:20 2022	/home/disco/Data/pandora-msas/msas/Cluster_11743.fa	152	65	10	1.7073707580566406	
Fri Oct 28 16:03:21 2022	/home/disco/Data/pandora-msas/msas/Cluster_11747.fa	152	65	14	1.69451904296875	
Fri Oct 28 16:03:22 2022	/home/disco/Data/pandora-msas/msas/Cluster_11741.fa	156	65	7	1.0092918872833252	
Fri Oct 28 16:03:24 2022	/home/disco/Data/pandora-msas/msas/Cluster_11790.fa	156	65	7	1.4134786128997803	
Fri Oct 28 16:03:25 2022	/home/disco/Data/pandora-msas/msas/Cluster_11744.fa	156	65	4	0.9552605152130127	
Fri Oct 28 16:03:26 2022	/home/disco/Data/pandora-msas/msas/Cluster_11742.fa	157	65	13	1.5266199111938477	
Fri Oct 28 16:03:27 2022	/home/disco/Data/pandora-msas/msas/Cluster_11749.fa	157	65	4	0.9234774112701416	
Fri Oct 28 16:03:28 2022	/home/disco/Data/pandora-msas/msas/Cluster_11745.fa	157	65	9	1.2069518566131592	
Fri Oct 28 16:03:31 2022	/home/disco/Data/pandora-msas/msas/Cluster_11750.fa	157	65	23	2.3292243480682373	
Fri Oct 28 16:03:33 2022	/home/disco/Data/pandora-msas/msas/Cluster_11771.fa	157	65	33	2.7517683506011963	
Fri Oct 28 16:03:39 2022	/home/disco/Data/pandora-msas/msas/Cluster_11767.fa	268	65	144	5.977878570556641	
Fri Oct 28 16:03:40 2022	/home/disco/Data/pandora-msas/msas/Cluster_11729.fa	3	66	3	1.0320885181427002	
Fri Oct 28 16:03:41 2022	/home/disco/Data/pandora-msas/msas/Cluster_11696.fa	4	66	2	0.6833367347717285	
Fri Oct 28 16:03:42 2022	/home/disco/Data/pandora-msas/msas/Cluster_11869.fa	4	66	4	0.6390490531921387	
Fri Oct 28 16:03:42 2022	/home/disco/Data/pandora-msas/msas/Cluster_11689.fa	6	66	3	0.6011617183685303	
Fri Oct 28 16:03:43 2022	/home/disco/Data/pandora-msas/msas/Cluster_11682.fa	8	66	2	0.674464225769043	
Fri Oct 28 16:03:43 2022	/home/disco/Data/pandora-msas/msas/Cluster_11713.fa	17	66	1	0.4875214099884033	
Fri Oct 28 16:03:45 2022	/home/disco/Data/pandora-msas/msas/Cluster_11715.fa	17	66	8	1.2138936519622803	
Fri Oct 28 16:03:46 2022	/home/disco/Data/pandora-msas/msas/Cluster_11693.fa	18	66	4	1.1895627975463867	
Fri Oct 28 16:03:48 2022	/home/disco/Data/pandora-msas/msas/Cluster_11695.fa	25	66	14	1.9561753273010254	
Fri Oct 28 16:03:49 2022	/home/disco/Data/pandora-msas/msas/Cluster_11684.fa	30	66	5	1.0468814373016357	
Fri Oct 28 16:03:50 2022	/home/disco/Data/pandora-msas/msas/Cluster_11683.fa	46	66	7	1.0401701927185059	
Fri Oct 28 16:03:50 2022	/home/disco/Data/pandora-msas/msas/Cluster_11679.fa	46	66	3	0.613429069519043	
Fri Oct 28 16:03:51 2022	/home/disco/Data/pandora-msas/msas/Cluster_11671.fa	68	66	2	0.7335975170135498	
Fri Oct 28 16:03:54 2022	/home/disco/Data/pandora-msas/msas/Cluster_11677.fa	136	66	30	2.702847719192505	
Fri Oct 28 16:03:55 2022	/home/disco/Data/pandora-msas/msas/Cluster_11674.fa	156	66	2	0.6754834651947021	
Fri Oct 28 16:03:55 2022	/home/disco/Data/pandora-msas/msas/Cluster_11673.fa	156	66	2	0.6680483818054199	
Fri Oct 28 16:03:56 2022	/home/disco/Data/pandora-msas/msas/Cluster_11672.fa	157	66	5	1.0932178497314453	
Fri Oct 28 16:03:57 2022	/home/disco/Data/pandora-msas/msas/Cluster_11685.fa	157	66	4	1.120786428451538	
Fri Oct 28 16:03:58 2022	/home/disco/Data/pandora-msas/msas/Cluster_11675.fa	157	66	5	1.0239052772521973	
Fri Oct 28 16:03:59 2022	/home/disco/Data/pandora-msas/msas/Cluster_11646.fa	2	67	4	0.6722288131713867	
Fri Oct 28 16:04:00 2022	/home/disco/Data/pandora-msas/msas/Cluster_11645.fa	2	67	3	0.6528322696685791	
Fri Oct 28 16:04:01 2022	/home/disco/Data/pandora-msas/msas/Cluster_11665.fa	3	67	8	1.1243305206298828	
Fri Oct 28 16:04:02 2022	/home/disco/Data/pandora-msas/msas/Cluster_11628.fa	3	67	3	0.796220064163208	
Fri Oct 28 16:04:02 2022	/home/disco/Data/pandora-msas/msas/Cluster_11618.fa	7	67	3	0.6576371192932129	
Fri Oct 28 16:04:03 2022	/home/disco/Data/pandora-msas/msas/Cluster_11660.fa	11	67	2	0.6963138580322266	
Fri Oct 28 16:04:04 2022	/home/disco/Data/pandora-msas/msas/Cluster_11636.fa	12	67	1	0.772597074508667	
Fri Oct 28 16:04:05 2022	/home/disco/Data/pandora-msas/msas/Cluster_11629.fa	12	67	2	0.6668293476104736	
Fri Oct 28 16:04:06 2022	/home/disco/Data/pandora-msas/msas/Cluster_11621.fa	22	67	9	1.3766837120056152	
Fri Oct 28 16:04:10 2022	/home/disco/Data/pandora-msas/msas/Cluster_11617.fa	24	67	47	3.681288003921509	
Fri Oct 28 16:04:10 2022	/home/disco/Data/pandora-msas/msas/Cluster_11619.fa	28	67	3	0.8014082908630371	
Fri Oct 28 16:04:13 2022	/home/disco/Data/pandora-msas/msas/Cluster_11625.fa	28	67	23	2.7718095779418945	
Fri Oct 28 16:04:15 2022	/home/disco/Data/pandora-msas/msas/Cluster_11622.fa	34	67	8	1.9192707538604736	
Fri Oct 28 16:04:17 2022	/home/disco/Data/pandora-msas/msas/Cluster_11626.fa	50	67	14	1.92401123046875	
Fri Oct 28 16:04:19 2022	/home/disco/Data/pandora-msas/msas/Cluster_11620.fa	72	67	16	2.3260843753814697	
Fri Oct 28 16:04:22 2022	/home/disco/Data/pandora-msas/msas/Cluster_11616.fa	74	67	9	2.3999574184417725	
Fri Oct 28 16:04:26 2022	/home/disco/Data/pandora-msas/msas/Cluster_11610.fa	147	67	24	4.461520671844482	
Fri Oct 28 16:04:28 2022	/home/disco/Data/pandora-msas/msas/Cluster_11609.fa	155	67	8	2.0104482173919678	
Fri Oct 28 16:04:30 2022	/home/disco/Data/pandora-msas/msas/Cluster_11608.fa	156	67	2	1.8484199047088623	
Fri Oct 28 16:04:33 2022	/home/disco/Data/pandora-msas/msas/Cluster_11631.fa	157	67	13	3.422515392303467	
Fri Oct 28 16:04:36 2022	/home/disco/Data/pandora-msas/msas/Cluster_11611.fa	157	67	14	2.7662055492401123	
Fri Oct 28 16:04:38 2022	/home/disco/Data/pandora-msas/msas/Cluster_11614.fa	157	67	5	1.44600510597229	
Fri Oct 28 16:04:40 2022	/home/disco/Data/pandora-msas/msas/Cluster_11615.fa	157	67	16	2.2810416221618652	
Fri Oct 28 16:04:41 2022	/home/disco/Data/pandora-msas/msas/Cluster_11564.fa	2	68	5	0.7821929454803467	
Fri Oct 28 16:04:42 2022	/home/disco/Data/pandora-msas/msas/Cluster_11599.fa	2	68	2	0.8559057712554932	
Fri Oct 28 16:04:42 2022	/home/disco/Data/pandora-msas/msas/Cluster_11593.fa	2	68	4	0.7009921073913574	
Fri Oct 28 16:04:43 2022	/home/disco/Data/pandora-msas/msas/Cluster_11566.fa	3	68	5	0.8237290382385254	
Fri Oct 28 16:04:45 2022	/home/disco/Data/pandora-msas/msas/Cluster_11569.fa	4	68	7	1.493690013885498	
Fri Oct 28 16:04:46 2022	/home/disco/Data/pandora-msas/msas/Cluster_11562.fa	5	68	25	1.7509453296661377	
Fri Oct 28 16:04:48 2022	/home/disco/Data/pandora-msas/msas/Cluster_11559.fa	9	68	10	1.717883586883545	
Fri Oct 28 16:04:49 2022	/home/disco/Data/pandora-msas/msas/Cluster_11541.fa	10	68	2	0.9031791687011719	
Fri Oct 28 16:04:51 2022	/home/disco/Data/pandora-msas/msas/Cluster_11548.fa	10	68	20	1.581406831741333	
Fri Oct 28 16:04:52 2022	/home/disco/Data/pandora-msas/msas/Cluster_11585.fa	12	68	4	1.0673036575317383	
Fri Oct 28 16:04:53 2022	/home/disco/Data/pandora-msas/msas/Cluster_11574.fa	16	68	4	1.0695233345031738	
Fri Oct 28 16:04:54 2022	/home/disco/Data/pandora-msas/msas/Cluster_11551.fa	17	68	18	1.3865792751312256	
Fri Oct 28 16:04:55 2022	/home/disco/Data/pandora-msas/msas/Cluster_11573.fa	17	68	5	1.146021842956543	
Fri Oct 28 16:04:56 2022	/home/disco/Data/pandora-msas/msas/Cluster_11555.fa	18	68	2	0.7578647136688232	
Fri Oct 28 16:04:58 2022	/home/disco/Data/pandora-msas/msas/Cluster_11547.fa	19	68	18	1.5658900737762451	
Fri Oct 28 16:04:59 2022	/home/disco/Data/pandora-msas/msas/Cluster_11543.fa	22	68	5	1.2052066326141357	
Fri Oct 28 16:05:03 2022	/home/disco/Data/pandora-msas/msas/Cluster_11558.fa	24	68	39	3.9352967739105225	
Fri Oct 28 16:05:03 2022	/home/disco/Data/pandora-msas/msas/Cluster_11544.fa	24	68	3	0.756331205368042	
Fri Oct 28 16:05:05 2022	/home/disco/Data/pandora-msas/msas/Cluster_11553.fa	30	68	14	1.7482783794403076	
Fri Oct 28 16:05:07 2022	/home/disco/Data/pandora-msas/msas/Cluster_11540.fa	32	68	12	2.0445358753204346	
Fri Oct 28 16:05:09 2022	/home/disco/Data/pandora-msas/msas/Cluster_11575.fa	42	68	7	2.0310091972351074	
Fri Oct 28 16:05:14 2022	/home/disco/Data/pandora-msas/msas/Cluster_11554.fa	83	68	42	4.560739278793335	
Fri Oct 28 16:05:17 2022	/home/disco/Data/pandora-msas/msas/Cluster_11605.fa	133	68	27	3.6316914558410645	
Fri Oct 28 16:05:20 2022	/home/disco/Data/pandora-msas/msas/Cluster_11539.fa	140	68	14	2.447495222091675	
Fri Oct 28 16:05:22 2022	/home/disco/Data/pandora-msas/msas/Cluster_11535.fa	155	68	9	1.8714606761932373	
Fri Oct 28 16:05:23 2022	/home/disco/Data/pandora-msas/msas/Cluster_11538.fa	157	68	9	1.6429662704467773	
Fri Oct 28 16:05:26 2022	/home/disco/Data/pandora-msas/msas/Cluster_11537.fa	158	68	27	2.978752851486206	
Fri Oct 28 16:05:28 2022	/home/disco/Data/pandora-msas/msas/Cluster_11584.fa	158	68	4	1.2765581607818604	
Fri Oct 28 16:05:40 2022	/home/disco/Data/pandora-msas/msas/Cluster_11542.fa	230	68	189	12.222533941268921	
Fri Oct 28 16:05:41 2022	/home/disco/Data/pandora-msas/msas/Cluster_11495.fa	2	69	7	0.8964550495147705	
Fri Oct 28 16:05:42 2022	/home/disco/Data/pandora-msas/msas/Cluster_11488.fa	2	69	2	1.1544957160949707	
Fri Oct 28 16:05:43 2022	/home/disco/Data/pandora-msas/msas/Cluster_11472.fa	3	69	2	1.0038554668426514	
Fri Oct 28 16:05:44 2022	/home/disco/Data/pandora-msas/msas/Cluster_11500.fa	3	69	2	0.809328556060791	
Fri Oct 28 16:05:45 2022	/home/disco/Data/pandora-msas/msas/Cluster_11467.fa	5	69	2	0.9281845092773438	
Fri Oct 28 16:05:46 2022	/home/disco/Data/pandora-msas/msas/Cluster_11501.fa	5	69	10	1.3323123455047607	
Fri Oct 28 16:05:47 2022	/home/disco/Data/pandora-msas/msas/Cluster_11504.fa	6	69	2	0.8460607528686523	
Fri Oct 28 16:05:49 2022	/home/disco/Data/pandora-msas/msas/Cluster_11497.fa	15	69	14	1.6699118614196777	
Fri Oct 28 16:05:50 2022	/home/disco/Data/pandora-msas/msas/Cluster_11475.fa	20	69	15	1.8984737396240234	
Fri Oct 28 16:05:52 2022	/home/disco/Data/pandora-msas/msas/Cluster_11474.fa	21	69	5	1.2767202854156494	
Fri Oct 28 16:05:53 2022	/home/disco/Data/pandora-msas/msas/Cluster_11476.fa	22	69	5	1.4779815673828125	
Fri Oct 28 16:05:54 2022	/home/disco/Data/pandora-msas/msas/Cluster_11491.fa	32	69	3	0.855400562286377	
Fri Oct 28 16:05:57 2022	/home/disco/Data/pandora-msas/msas/Cluster_11494.fa	34	69	12	2.857591390609741	
Fri Oct 28 16:05:58 2022	/home/disco/Data/pandora-msas/msas/Cluster_11470.fa	44	69	2	0.9780960083007812	
Fri Oct 28 16:06:01 2022	/home/disco/Data/pandora-msas/msas/Cluster_11510.fa	48	69	21	3.137887716293335	
Fri Oct 28 16:06:03 2022	/home/disco/Data/pandora-msas/msas/Cluster_11469.fa	62	69	10	2.187997579574585	
Fri Oct 28 16:06:06 2022	/home/disco/Data/pandora-msas/msas/Cluster_11471.fa	67	69	27	3.1291046142578125	
Fri Oct 28 16:06:07 2022	/home/disco/Data/pandora-msas/msas/GC00003990.fa	94	69	2	0.9945197105407715	
Fri Oct 28 16:06:09 2022	/home/disco/Data/pandora-msas/msas/Cluster_11461.fa	112	69	11	1.8534698486328125	
Fri Oct 28 16:06:12 2022	/home/disco/Data/pandora-msas/msas/Cluster_11459.fa	130	69	34	3.206329345703125	
Fri Oct 28 16:06:17 2022	/home/disco/Data/pandora-msas/msas/Cluster_11463.fa	154	69	42	4.818646430969238	
Fri Oct 28 16:06:21 2022	/home/disco/Data/pandora-msas/msas/Cluster_11462.fa	155	69	14	3.2632713317871094	
Fri Oct 28 16:06:22 2022	/home/disco/Data/pandora-msas/msas/Cluster_11464.fa	155	69	8	1.9149034023284912	
Fri Oct 28 16:06:25 2022	/home/disco/Data/pandora-msas/msas/Cluster_11458.fa	157	69	16	2.2122116088867188	
Fri Oct 28 16:06:25 2022	/home/disco/Data/pandora-msas/msas/Cluster_11457.fa	157	69	2	0.7474110126495361	
Fri Oct 28 16:06:28 2022	/home/disco/Data/pandora-msas/msas/Cluster_11522.fa	157	69	14	2.1990041732788086	
Fri Oct 28 16:06:29 2022	/home/disco/Data/pandora-msas/msas/Cluster_11456.fa	157	69	8	1.5280835628509521	
Fri Oct 28 16:06:30 2022	/home/disco/Data/pandora-msas/msas/Cluster_11446.fa	2	70	2	0.7989540100097656	
Fri Oct 28 16:06:31 2022	/home/disco/Data/pandora-msas/msas/Cluster_11409.fa	2	70	2	0.8047983646392822	
Fri Oct 28 16:06:32 2022	/home/disco/Data/pandora-msas/msas/Cluster_11432.fa	3	70	5	1.1936135292053223	
Fri Oct 28 16:06:33 2022	/home/disco/Data/pandora-msas/msas/Cluster_11450.fa	3	70	1	0.7422549724578857	
Fri Oct 28 16:06:34 2022	/home/disco/Data/pandora-msas/msas/Cluster_11602.fa	3	70	12	1.1817126274108887	
Fri Oct 28 16:06:35 2022	/home/disco/Data/pandora-msas/msas/Cluster_11425.fa	4	70	2	0.8456192016601562	
Fri Oct 28 16:06:35 2022	/home/disco/Data/pandora-msas/msas/Cluster_11415.fa	5	70	3	0.7317085266113281	
Fri Oct 28 16:06:36 2022	/home/disco/Data/pandora-msas/msas/Cluster_11438.fa	5	70	1	0.7182371616363525	
Fri Oct 28 16:06:37 2022	/home/disco/Data/pandora-msas/msas/Cluster_11439.fa	6	70	9	1.2087059020996094	
Fri Oct 28 16:06:39 2022	/home/disco/Data/pandora-msas/msas/Cluster_11423.fa	9	70	4	1.3760251998901367	
Fri Oct 28 16:06:40 2022	/home/disco/Data/pandora-msas/msas/Cluster_11418.fa	9	70	1	0.9684438705444336	
Fri Oct 28 16:06:41 2022	/home/disco/Data/pandora-msas/msas/Cluster_11413.fa	9	70	6	1.417280673980713	
Fri Oct 28 16:06:43 2022	/home/disco/Data/pandora-msas/msas/Cluster_11401.fa	10	70	9	1.7885491847991943	
Fri Oct 28 16:06:44 2022	/home/disco/Data/pandora-msas/msas/Cluster_11405.fa	13	70	5	1.3478646278381348	
Fri Oct 28 16:06:45 2022	/home/disco/Data/pandora-msas/msas/Cluster_11417.fa	14	70	2	0.8654360771179199	
Fri Oct 28 16:06:47 2022	/home/disco/Data/pandora-msas/msas/Cluster_11429.fa	20	70	5	1.6291468143463135	
Fri Oct 28 16:06:49 2022	/home/disco/Data/pandora-msas/msas/Cluster_11408.fa	34	70	11	1.7520725727081299	
Fri Oct 28 16:06:52 2022	/home/disco/Data/pandora-msas/msas/Cluster_11410.fa	40	70	31	3.3185245990753174	
Fri Oct 28 16:06:53 2022	/home/disco/Data/pandora-msas/msas/Cluster_11403.fa	40	70	4	1.0413177013397217	
Fri Oct 28 16:15:19 2022	/home/disco/Data/pandora-msas/msas/Cluster_9408.fa	2	103	1	1.4827303886413574	
Fri Oct 28 16:15:21 2022	/home/disco/Data/pandora-msas/msas/Cluster_9431.fa	3	103	2	2.435567617416382	
Fri Oct 28 16:15:24 2022	/home/disco/Data/pandora-msas/msas/Cluster_9405.fa	4	103	14	3.0478575229644775	
Fri Oct 28 16:15:27 2022	/home/disco/Data/pandora-msas/msas/Cluster_9511.fa	5	103	14	2.3430123329162598	
Fri Oct 28 16:15:29 2022	/home/disco/Data/pandora-msas/msas/Cluster_9426.fa	7	103	4	2.7037320137023926	
Fri Oct 28 16:15:36 2022	/home/disco/Data/pandora-msas/msas/Cluster_9418.fa	8	103	24	6.378816366195679	
Fri Oct 28 16:15:38 2022	/home/disco/Data/pandora-msas/msas/Cluster_9403.fa	10	103	4	1.8298637866973877	
Fri Oct 28 16:15:40 2022	/home/disco/Data/pandora-msas/msas/Cluster_9401.fa	11	103	2	1.9556076526641846	
Fri Oct 28 16:15:44 2022	/home/disco/Data/pandora-msas/msas/Cluster_9402.fa	12	103	9	4.024733543395996	
Fri Oct 28 16:15:45 2022	/home/disco/Data/pandora-msas/msas/Cluster_9407.fa	20	103	6	1.8300607204437256	
Fri Oct 28 16:15:51 2022	/home/disco/Data/pandora-msas/msas/Cluster_9411.fa	20	103	19	5.989330768585205	
Fri Oct 28 16:15:56 2022	/home/disco/Data/pandora-msas/msas/Cluster_9397.fa	38	103	18	4.704420566558838	
Fri Oct 28 16:16:03 2022	/home/disco/Data/pandora-msas/msas/Cluster_9392.fa	113	103	21	6.6321985721588135	
Fri Oct 28 16:16:12 2022	/home/disco/Data/pandora-msas/msas/Cluster_9394.fa	146	103	32	9.54559588432312	
Fri Oct 28 16:16:23 2022	/home/disco/Data/pandora-msas/msas/Cluster_9428.fa	154	103	59	11.14630913734436	
Fri Oct 28 16:16:32 2022	/home/disco/Data/pandora-msas/msas/Cluster_9395.fa	156	103	28	8.771018505096436	
Fri Oct 28 16:16:36 2022	/home/disco/Data/pandora-msas/msas/Cluster_9396.fa	157	103	5	3.246884822845459	
Fri Oct 28 16:16:45 2022	/home/disco/Data/pandora-msas/msas/Cluster_9409.fa	157	103	54	9.896742820739746	
Fri Oct 28 16:16:47 2022	/home/disco/Data/pandora-msas/msas/Cluster_9393.fa	157	103	2	1.9734525680541992	
Fri Oct 28 16:16:49 2022	/home/disco/Data/pandora-msas/msas/Cluster_9520.fa	2	104	6	1.8269832134246826	
Fri Oct 28 16:16:52 2022	/home/disco/Data/pandora-msas/msas/Cluster_9379.fa	2	104	1	2.365765333175659	
Fri Oct 28 16:16:54 2022	/home/disco/Data/pandora-msas/msas/Cluster_9364.fa	3	104	2	1.9673476219177246	
Fri Oct 28 16:16:55 2022	/home/disco/Data/pandora-msas/msas/Cluster_9357.fa	4	104	2	1.8850641250610352	
Fri Oct 28 16:16:57 2022	/home/disco/Data/pandora-msas/msas/Cluster_9376.fa	4	104	3	1.9206316471099854	
Fri Oct 28 16:16:59 2022	/home/disco/Data/pandora-msas/msas/Cluster_9352.fa	6	104	4	2.0284457206726074	
Fri Oct 28 16:17:03 2022	/home/disco/Data/pandora-msas/msas/Cluster_9345.fa	10	104	5	3.57196044921875	
Fri Oct 28 16:17:06 2022	/home/disco/Data/pandora-msas/msas/Cluster_9354.fa	12	104	5	3.0046398639678955	
Fri Oct 28 16:17:08 2022	/home/disco/Data/pandora-msas/msas/Cluster_9347.fa	14	104	2	1.7517127990722656	
Fri Oct 28 16:17:10 2022	/home/disco/Data/pandora-msas/msas/Cluster_9355.fa	14	104	2	1.9709410667419434	
Fri Oct 28 16:17:12 2022	/home/disco/Data/pandora-msas/msas/Cluster_9390.fa	21	104	4	2.5029540061950684	
Fri Oct 28 16:17:21 2022	/home/disco/Data/pandora-msas/msas/Cluster_9419.fa	36	104	28	9.021010637283325	
Fri Oct 28 16:17:30 2022	/home/disco/Data/pandora-msas/msas/Cluster_9344.fa	41	104	43	8.988944292068481	
Fri Oct 28 16:17:33 2022	/home/disco/Data/pandora-msas/msas/Cluster_9349.fa	94	104	7	2.894531011581421	
Fri Oct 28 16:17:37 2022	/home/disco/Data/pandora-msas/msas/Cluster_9342.fa	99	104	15	4.278924942016602	
Fri Oct 28 16:17:39 2022	/home/disco/Data/pandora-msas/msas/Cluster_9338.fa	144	104	2	1.7624092102050781	
Fri Oct 28 16:17:44 2022	/home/disco/Data/pandora-msas/msas/Cluster_9341.fa	155	104	18	5.035907030105591	
Fri Oct 28 16:17:51 2022	/home/disco/Data/pandora-msas/msas/Cluster_9374.fa	157	104	17	6.368335485458374	
Fri Oct 28 16:17:54 2022	/home/disco/Data/pandora-msas/msas/Cluster_9339.fa	157	104	5	3.348071336746216	
Fri Oct 28 16:18:02 2022	/home/disco/Data/pandora-msas/msas/Cluster_9336.fa	157	104	35	7.6217200756073	
Fri Oct 28 16:18:05 2022	/home/disco/Data/pandora-msas/msas/Cluster_9340.fa	158	104	4	3.2298946380615234	
Fri Oct 28 16:18:07 2022	/home/disco/Data/pandora-msas/msas/Cluster_9327.fa	2	105	4	1.924145221710205	
Fri Oct 28 16:18:08 2022	/home/disco/Data/pandora-msas/msas/Cluster_9323.fa	2	105	9	1.4972453117370605	
Fri Oct 28 16:18:10 2022	/home/disco/Data/pandora-msas/msas/Cluster_9314.fa	2	105	5	1.3908741474151611	
Fri Oct 28 16:18:12 2022	/home/disco/Data/pandora-msas/msas/Cluster_9333.fa	2	105	1	2.2621753215789795	
Fri Oct 28 16:18:13 2022	/home/disco/Data/pandora-msas/msas/Cluster_9322.fa	2	105	1	1.6093857288360596	
Fri Oct 28 16:18:15 2022	/home/disco/Data/pandora-msas/msas/GC00004512_23.fa	3	105	3	1.584564208984375	
Fri Oct 28 16:18:17 2022	/home/disco/Data/pandora-msas/msas/Cluster_9307.fa	3	105	5	1.8249623775482178	
Fri Oct 28 16:18:20 2022	/home/disco/Data/pandora-msas/msas/Cluster_9335.fa	4	105	4	3.039095878601074	
Fri Oct 28 16:18:23 2022	/home/disco/Data/pandora-msas/msas/Cluster_9302.fa	5	105	26	2.6506214141845703	
Fri Oct 28 16:18:25 2022	/home/disco/Data/pandora-msas/msas/Cluster_9317.fa	6	105	8	2.15810227394104	
Fri Oct 28 16:44:18 2022	/home/disco/Data/pandora-msas/msas/Cluster_1055.fa	3	3	408	22	83.0163745880127	
Fri Oct 28 16:45:37 2022	/home/disco/Data/pandora-msas/msas/GC00008112_2.fa	3	3	408	12	79.06610321998596	
Fri Oct 28 16:46:14 2022	/home/disco/Data/pandora-msas/msas/Cluster_1059.fa	3	2	408	16	37.31135320663452	
Fri Oct 28 16:47:05 2022	/home/disco/Data/pandora-msas/msas/GC00008109_2.fa	3	2	408	3	50.40994572639465	
Fri Oct 28 16:48:12 2022	/home/disco/Data/pandora-msas/msas/GC00006201_1.fa	3	2	408	3	67.16119599342346	
Fri Oct 28 16:49:28 2022	/home/disco/Data/pandora-msas/msas/GC00007719_2.fa	4	2	408	1	75.83991360664368	
Fri Oct 28 16:50:42 2022	/home/disco/Data/pandora-msas/msas/GC00007341.fa	6	2	408	1	74.64907312393188	
Fri Oct 28 16:51:18 2022	/home/disco/Data/pandora-msas/msas/GC00007167.fa	6	2	408	25	36.181307792663574	
Fri Oct 28 16:52:43 2022	/home/disco/Data/pandora-msas/msas/GC00003471_3.fa	7	3	408	20	84.19814348220825	
Fri Oct 28 16:54:02 2022	/home/disco/Data/pandora-msas/msas/GC00003627_2.fa	8	3	408	61	79.71208477020264	
Fri Oct 28 16:56:47 2022	/home/disco/Data/pandora-msas/msas/GC00005794_5.fa	8	7	408	120	164.44659328460693	
Fri Oct 28 17:01:04 2022	/home/disco/Data/pandora-msas/msas/GC00005555_1.fa	10	9	408	116	257.3718755245209	
